[{"_id":"a-03","_parentId":"co-03","_type":"article","_classes":"","title":"","displayTitle":"<img src='course/en/images/logo.png'>","body":"","_assessment":{"_isEnabled":true,"_id":"a-03","_isPercentageBased":true,"_scoreToPass":0,"_includeInTotalScore":true,"_assessmentWeight":1,"_suppressMarking":false,"_allowResetIfPassed":true,"_banks":{"_isEnabled":false,"_split":"2,2","_randomisation":true},"_questions":{"_resetType":"hard","_canShowFeedback":false,"_canShowMarking":true,"_canShowModelAnswer":false},"_isResetOnRevisit":true,"_attempts":"infinite"},"_submitAll":{"_isEnabled":true,"_insertAfterBlock":"b-455"}},{"_id":"a-04","_parentId":"co-03","_type":"article","_classes":"","title":"","displayTitle":"","body":"","_assessment":{"_isEnabled":false}},{"_id":"a-05","_parentId":"co-05","_type":"article","_classes":"","title":"","displayTitle":"<img src='course/en/images/logo.png'>","body":"","_assessment":{"_isEnabled":false}},{"_id":"a-10","_parentId":"co-10","_type":"article","_classes":"","title":"a-10","displayTitle":"<img src='course/en/images/logo.png'>","body":"","_assessment":{"_isEnabled":false}},{"_id":"a-15","_parentId":"co-15","_type":"article","_classes":"","title":"a-10","displayTitle":"<img src='course/en/images/logo.png'>","body":"","_assessment":{"_isEnabled":false}},{"_id":"a-20","_parentId":"co-20","_type":"article","_classes":"","title":"a-10","displayTitle":"<img src='course/en/images/logo.png'>","body":"","_assessment":{"_isEnabled":false}},{"_id":"a-25","_parentId":"co-25","_type":"article","_classes":"","title":"a-10","displayTitle":"<img src='course/en/images/logo.png'>","body":"","_assessment":{"_isEnabled":false}},{"_id":"a-30","_parentId":"co-30","_type":"article","_classes":"","title":"a-30","displayTitle":"<img src='course/en/images/logo.png'>","body":"","_assessment":{"_isEnabled":true,"_id":"a-30","_isPercentageBased":true,"_scoreToPass":0,"_includeInTotalScore":true,"_assessmentWeight":1,"_suppressMarking":false,"_allowResetIfPassed":true,"_banks":{"_isEnabled":false,"_split":"2,2","_randomisation":true},"_questions":{"_resetType":"hard","_canShowFeedback":true,"_canShowMarking":true,"_canShowModelAnswer":true},"_isResetOnRevisit":true,"_attempts":"infinite"}},{"_id":"a-35","_parentId":"co-35","_type":"article","_classes":"","title":"a-35","displayTitle":"<img src='course/en/images/logo.png'>","body":"","_assessment":{"_isEnabled":true,"_id":"a-35","_isPercentageBased":true,"_scoreToPass":0,"_includeInTotalScore":true,"_assessmentWeight":1,"_suppressMarking":false,"_allowResetIfPassed":true,"_banks":{"_isEnabled":false,"_split":"2,2","_randomisation":true},"_questions":{"_resetType":"hard","_canShowFeedback":false,"_canShowMarking":true,"_canShowModelAnswer":true},"_isResetOnRevisit":true,"_attempts":"infinite"},"_submitAll":{"_isEnabled":true,"_insertAfterBlock":"b-415"}},{"_id":"a-37","_parentId":"co-35","_type":"article","_classes":"","title":"a-37","displayTitle":"","body":""}]