[{"_id":"b-440","_parentId":"a-03","_type":"block","_classes":"block-intro-title","title":"b-440","displayTitle":"Your Experience of Biomarkers – Pre-Assessment","body":"","_trackingId":1},{"_id":"b-445","_parentId":"a-03","_type":"block","_classes":"block-parent-background","title":"b-445","displayTitle":"","body":"","_trickle":{"_isEnabled":false,"_button":{"_isEnabled":true,"text":"Continue","startText":"Continue","finalText":"Continue"}},"_trackingId":2},{"_id":"b-450","_parentId":"a-03","_type":"block","_classes":"","title":"b-450","displayTitle":"","body":"","_trickle":{"_isEnabled":false,"_button":{"_isEnabled":true,"text":"Continue","startText":"Continue","finalText":"Continue"}},"_trackingId":3},{"_id":"b-455","_parentId":"a-03","_type":"block","_classes":"block-parent-background","title":"b-455","displayTitle":"","body":"","_trickle":{"_isEnabled":true,"_button":{"_isEnabled":true,"text":"Continue","startText":"Continue","finalText":"Continue"}},"_trackingId":4},{"_id":"b-460","_parentId":"a-04","_type":"block","_classes":"","title":"b-460","displayTitle":"","body":"","_trickle":{"_isEnabled":true,"_button":{"_isEnabled":true,"text":"Continue","startText":"Continue","finalText":"Continue"}},"_trackingId":5},{"_id":"b-463","_parentId":"a-04","_type":"block","_classes":"block-parent-background","title":"b-467","displayTitle":"","body":"","_trackingId":6},{"_id":"b-465","_parentId":"a-04","_type":"block","_classes":"module-end","title":"b-465","displayTitle":"","body":"","_trackingId":7},{"_id":"b-05","_parentId":"a-05","_type":"block","_classes":"block-intro-title","title":"b-05","displayTitle":"Lung Cancer Overview","body":"","_trackingId":8},{"_id":"b-10","_parentId":"a-05","_type":"block","_classes":"block-parent-background","title":"b-10","displayTitle":"","body":"","_trackingId":9},{"_id":"b-15","_parentId":"a-05","_type":"block","_classes":"","title":"b-15","displayTitle":"","body":"","_trackingId":10},{"_id":"b-25","_parentId":"a-05","_type":"block","_classes":"block-parent-background","title":"b-25","displayTitle":"","body":"","_trackingId":11},{"_id":"b-30","_parentId":"a-05","_type":"block","_classes":"","title":"b-30","displayTitle":"","body":"","_trackingId":12},{"_id":"b-35","_parentId":"a-05","_type":"block","_classes":"block-parent-background","title":"b-35","displayTitle":"","body":"","_trackingId":13},{"_id":"b-40","_parentId":"a-05","_type":"block","_classes":"","title":"b-40","displayTitle":"","body":"","_trackingId":14},{"_id":"b-45","_parentId":"a-05","_type":"block","_classes":"block-parent-background","title":"b-45","displayTitle":"","body":"","_trackingId":15},{"_id":"b-49","_parentId":"a-05","_type":"block","_classes":"","title":"b-49","displayTitle":"","body":"","_trackingId":16},{"_id":"b-50","_parentId":"a-05","_type":"block","_classes":"block-parent-background","title":"b-50","displayTitle":"","body":"","_trackingId":17},{"_id":"b-55","_parentId":"a-05","_type":"block","_classes":"","title":"b-55","displayTitle":"","body":"","_trackingId":18},{"_id":"b-60","_parentId":"a-05","_type":"block","_classes":"block-parent-background","title":"b-60","displayTitle":"","body":"","_trackingId":19},{"_id":"b-65","_parentId":"a-05","_type":"block","_classes":"","title":"b-65","displayTitle":"","body":"","_trackingId":20},{"_id":"b-70","_parentId":"a-05","_type":"block","_classes":"block-parent-background","title":"b-70","displayTitle":"","body":"","_trackingId":21},{"_id":"b-71","_parentId":"a-05","_type":"block","_classes":"","title":"b-71","displayTitle":"","body":"","_trackingId":22},{"_id":"b-75","_parentId":"a-05","_type":"block","_classes":"module-end","title":"b-75","displayTitle":"","body":"","_trackingId":23},{"_id":"b-85","_parentId":"a-10","_type":"block","_classes":"block-intro-title","title":"b-85","displayTitle":"Biomarkers in Cancer","body":"","_trackingId":24},{"_id":"b-90","_parentId":"a-10","_type":"block","_classes":"block-parent-background","title":"b-90","displayTitle":"","body":"","_trackingId":25},{"_id":"b-95","_parentId":"a-10","_type":"block","_classes":"","title":"b-95","displayTitle":"","body":"","_trackingId":26},{"_id":"b-100","_parentId":"a-10","_type":"block","_classes":"block-parent-background","title":"b-100","displayTitle":"","body":"","_trackingId":27},{"_id":"b-106","_parentId":"a-10","_type":"block","_classes":"","title":"b-106","displayTitle":"","body":"","_trackingId":28},{"_id":"b-110","_parentId":"a-10","_type":"block","_classes":"block-parent-background","title":"b-110","displayTitle":"","body":"","_trackingId":29},{"_id":"b-114","_parentId":"a-10","_type":"block","_classes":"","title":"b-114","displayTitle":"","body":"","_trackingId":30},{"_id":"b-115","_parentId":"a-10","_type":"block","_classes":"block-parent-background","title":"b-115","displayTitle":"","body":"","_trackingId":31},{"_id":"b-116","_parentId":"a-10","_type":"block","_classes":"transparent-background","title":"b-116","displayTitle":"","body":"","_trackingId":32},{"_id":"b-120","_parentId":"a-10","_type":"block","_classes":"module-end","title":"b-120","displayTitle":"","body":"","_trackingId":33},{"_id":"b-130","_parentId":"a-15","_type":"block","_classes":"block-intro-title","title":"b-130","displayTitle":"Treatment Overview","body":"","_trackingId":34},{"_id":"b-135","_parentId":"a-15","_type":"block","_classes":"block-parent-background","title":"b-135","displayTitle":"","body":"","_trackingId":35},{"_id":"b-140","_parentId":"a-15","_type":"block","_classes":"transparent-background-block","title":"b-140","displayTitle":"","body":"","_trackingId":36},{"_id":"b-145","_parentId":"a-15","_type":"block","_classes":"block-parent-background","title":"b-145","displayTitle":"","body":"","_trackingId":37},{"_id":"b-150","_parentId":"a-15","_type":"block","_classes":"","title":"b-150","displayTitle":"","body":"","_trackingId":38},{"_id":"b-155","_parentId":"a-15","_type":"block","_classes":"block-parent-background","title":"b-155","displayTitle":"","body":"","_trackingId":39},{"_id":"b-160","_parentId":"a-15","_type":"block","_classes":"","title":"b-160","displayTitle":"","body":"","_trackingId":40},{"_id":"b-165","_parentId":"a-15","_type":"block","_classes":"block-parent-background","title":"b-165","displayTitle":"","body":"","_trackingId":41},{"_id":"b-166","_parentId":"a-15","_type":"block","_classes":"","title":"b-166","displayTitle":"","body":"","_trackingId":42},{"_id":"b-170","_parentId":"a-15","_type":"block","_classes":"module-end ","title":"b-170","displayTitle":"","body":"","_trackingId":43},{"_id":"b-180","_parentId":"a-20","_type":"block","_classes":"block-intro-title","title":"b-180","displayTitle":"Clinical Skills","body":"","_trackingId":44},{"_id":"b-185","_parentId":"a-20","_type":"block","_classes":"block-parent-background","title":"b-185","displayTitle":"","body":"","_trackingId":45},{"_id":"b-190","_parentId":"a-20","_type":"block","_classes":"transparent-background-block","title":"b-190","displayTitle":"","body":"","_trackingId":46},{"_id":"b-195","_parentId":"a-20","_type":"block","_classes":"block-parent-background","title":"b-195","displayTitle":"","body":"","_trackingId":47},{"_id":"b-200","_parentId":"a-20","_type":"block","_classes":"transparent-background-block","title":"b-200","displayTitle":"","body":"","_trackingId":48},{"_id":"b-202","_parentId":"a-20","_type":"block","_classes":"block-parent-background","title":"b-202","displayTitle":"","body":"","_trackingId":49},{"_id":"b-205","_parentId":"a-20","_type":"block","_classes":"transparent-background-block","title":"b-205","displayTitle":"","body":"","_trackingId":50},{"_id":"b-215","_parentId":"a-20","_type":"block","_classes":"block-parent-background","title":"b-215","displayTitle":"","body":"","_trackingId":51},{"_id":"b-225","_parentId":"a-20","_type":"block","_classes":"","title":"b-225","displayTitle":"","body":"","_trackingId":52},{"_id":"b-230","_parentId":"a-20","_type":"block","_classes":"block-parent-background","title":"b-230","displayTitle":"","body":"","_trackingId":53},{"_id":"b-240","_parentId":"a-20","_type":"block","_classes":"transparent-background-block","title":"b-240","displayTitle":"","body":"","_trackingId":54},{"_id":"b-245","_parentId":"a-20","_type":"block","_classes":"block-parent-background","title":"b-245","displayTitle":"","body":"","_trackingId":55},{"_id":"b-250","_parentId":"a-20","_type":"block","_classes":"transparent-background-block","title":"b-250","displayTitle":"","body":"","_trackingId":56},{"_id":"b-251","_parentId":"a-20","_type":"block","_classes":"block-parent-background","title":"b-251","displayTitle":"","body":"","_trackingId":57},{"_id":"b-255","_parentId":"a-20","_type":"block","_classes":"module-end","title":"b-255","displayTitle":"","body":"","_trackingId":58},{"_id":"b-265","_parentId":"a-25","_type":"block","_classes":"block-intro-title","title":"b-265","displayTitle":"Patient Communication","body":"","_trackingId":59},{"_id":"b-275","_parentId":"a-25","_type":"block","_classes":"block-parent-background","title":"b-275","displayTitle":"Adherence to treatment","body":"","_trackingId":60},{"_id":"b-280","_parentId":"a-25","_type":"block","_classes":"transparent-background-block","title":"b-280","displayTitle":"","body":"","_trackingId":61},{"_id":"b-285","_parentId":"a-25","_type":"block","_classes":"block-parent-background","title":"b-285","displayTitle":"","body":"","_trackingId":62},{"_id":"b-290","_parentId":"a-25","_type":"block","_classes":"transparent-background-block","title":"b-290","displayTitle":"","body":"","_trackingId":63},{"_id":"b-295","_parentId":"a-25","_type":"block","_classes":"block-parent-background","title":"b-295","displayTitle":"","body":"","_trackingId":64},{"_id":"b-305","_parentId":"a-25","_type":"block","_classes":"transparent-background-block","title":"b-305","displayTitle":"Role of the nurse","body":"","_trackingId":65},{"_id":"b-310","_parentId":"a-25","_type":"block","_classes":"block-parent-background","title":"b-310","displayTitle":"","body":"","_trackingId":66},{"_id":"b-315","_parentId":"a-25","_type":"block","_classes":"transparent-background-block","title":"b-315","displayTitle":"","body":"","_trackingId":67},{"_id":"b-320","_parentId":"a-25","_type":"block","_classes":"block-parent-background","title":"b-320","displayTitle":"","body":"","_trackingId":68},{"_id":"b-325","_parentId":"a-25","_type":"block","_classes":"","title":"b-325","displayTitle":"","body":"","_trackingId":69},{"_id":"b-330","_parentId":"a-25","_type":"block","_classes":"block-parent-background","title":"b-330","displayTitle":"","body":"","_trackingId":70},{"_id":"b-335","_parentId":"a-25","_type":"block","_classes":"transparent-background","title":"b-335","displayTitle":"","body":"","_trackingId":71},{"_id":"b-340","_parentId":"a-25","_type":"block","_classes":"module-end","title":"b-340","displayTitle":"","body":"","_trackingId":72},{"_id":"b-350","_parentId":"a-30","_type":"block","_classes":"block-intro-title","title":"b-350","displayTitle":"Test Your Knowledge","body":"","_trackingId":73},{"_id":"b-355","_parentId":"a-30","_type":"block","_classes":"block-parent-background","title":"b-355","displayTitle":"","body":"","_trackingId":74,"_trickle":{"_isEnabled":true,"_button":{"_isEnabled":true,"text":"Continue","startText":"Continue","finalText":"Continue"}}},{"_id":"b-360","_parentId":"a-30","_type":"block","_classes":"","title":"b-360","displayTitle":"","body":"","_trackingId":75,"_trickle":{"_isEnabled":true,"_button":{"_isEnabled":true,"text":"Continue","startText":"Continue","finalText":"Continue"}}},{"_id":"b-365","_parentId":"a-30","_type":"block","_classes":"block-parent-background","title":"b-365","displayTitle":"","body":"","_trackingId":76,"_trickle":{"_isEnabled":true,"_button":{"_isEnabled":true,"text":"Continue","startText":"Continue","finalText":"Continue"}}},{"_id":"b-370","_parentId":"a-30","_type":"block","_classes":"","title":"b-370","displayTitle":"","body":"","_trackingId":77,"_trickle":{"_isEnabled":true,"_button":{"_isEnabled":true,"text":"Continue","startText":"Continue","finalText":"Continue"}}},{"_id":"b-375","_parentId":"a-30","_type":"block","_classes":"block-parent-background","title":"b-375","displayTitle":"","body":"","_trackingId":78,"_trickle":{"_isEnabled":true,"_button":{"_isEnabled":true,"text":"Continue","startText":"Continue","finalText":"Continue"}}},{"_id":"b-380","_parentId":"a-30","_type":"block","_classes":"","title":"b-380","displayTitle":"","body":"","_trackingId":79,"_trickle":{"_isEnabled":true,"_button":{"_isEnabled":true,"text":"Continue","startText":"Continue","finalText":"Continue"}}},{"_id":"b-385","_parentId":"a-30","_type":"block","_classes":"block-parent-background","title":"b-385","displayTitle":"","body":"","_trackingId":80,"_trickle":{"_isEnabled":true,"_button":{"_isEnabled":true,"text":"Continue","startText":"Continue","finalText":"Continue"}}},{"_id":"b-390","_parentId":"a-30","_type":"block","_classes":"","title":"b-390","displayTitle":"","body":"","_trackingId":81,"_trickle":{"_isEnabled":true,"_button":{"_isEnabled":true,"text":"Continue","startText":"Continue","finalText":"Continue"}}},{"_id":"b-395","_parentId":"a-30","_type":"block","_classes":"block-parent-background","title":"b-395","displayTitle":"","body":"","_trackingId":82},{"_id":"b-396","_parentId":"a-30","_type":"block","_classes":"module-end","title":"b-396","displayTitle":"","body":"","_trackingId":83},{"_id":"b-400","_parentId":"a-35","_type":"block","_classes":"block-intro-title","title":"b-400","displayTitle":"Improved Your Knowledge? – Post-Assessment","body":"","_trackingId":84},{"_id":"b-405","_parentId":"a-35","_type":"block","_classes":"block-parent-background","title":"b-405","displayTitle":"","body":"","_trackingId":85},{"_id":"b-410","_parentId":"a-35","_type":"block","_classes":"","title":"b-410","displayTitle":"","body":"","_trackingId":86},{"_id":"b-415","_parentId":"a-35","_type":"block","_classes":"block-parent-background","title":"b-415","displayTitle":"","body":"","_trickle":{"_isEnabled":true,"_button":{"_isEnabled":true,"text":"Continue","startText":"Continue","finalText":"Continue"}},"_trackingId":87},{"_id":"b-420","_parentId":"a-37","_type":"block","_classes":"","title":"b-420","displayTitle":"","body":"","_trickle":{"_isEnabled":true,"_button":{"_isEnabled":true,"text":"Continue","startText":"Continue","finalText":"Continue"}},"_trackingId":88},{"_id":"b-425","_parentId":"a-37","_type":"block","_classes":"block-parent-background","title":"b-425","displayTitle":"","body":"","_trickle":{"_isEnabled":false,"_button":{"_isEnabled":true,"text":"Continue","startText":"Continue","finalText":"Continue"}},"_trackingId":89},{"_id":"b-430","_parentId":"a-37","_type":"block","_classes":"","title":"b-430","displayTitle":"","body":"","_trackingId":90}]