{"_globals":{"_components":{"_accordion":{"ariaRegion":"This component is an accordion comprised of collapsible content panels containing display text. Select the item titles to toggle the visibility of these content panels."},"_confidenceSlider":{"ariaRegion":"Answer the question by selecting a value from the range. Once you have done so, select the submit button below."},"_flipcard":{"ariaRegion":"This component is a flipcard comprised of flippable cards containing display image. Select the front face image to flip to the back face of these card to display associated text."},"_gmcq":{"ariaRegion":"This component is a graphical multiple choice question. Once you have selected an option select the submit button below."},"_graphic":{"ariaRegion":""},"_hotgraphic":{"ariaRegion":"Below is a component which allows you to select hot spots over an image. Select a hot spot to trigger a popup that includes an image with display text. Select the close button to close the popup.","ariaPopupLabel":"Hotgraphic popup"},"_matching":{"ariaRegion":"This question component requires you to select the matching answer from a drop down list below. When you have selected your answers select the submit button."},"_mcq":{"ariaRegion":"This component is a multiple choice question. Once you have selected an option select the submit button below"},"_media":{"ariaRegion":"This is a media component which plays a video. Select the play / pause button to watch or listen.","transcriptButton":"Alternatively you can select the link below for the transcript."},"_narrative":{"ariaRegion":"This component displays an image gallery with accompanying text. Use the next and back navigation controls to work through the narrative."},"_slider":{"ariaRegion":"This component requires you to answer the question by selecting the relevant value. After selecting a value select the submit button below."},"_text":{"ariaRegion":""},"_textinput":{"ariaRegion":"This question component requires you to input your answer in the textbox provided. When you have answered the question select the submit button below."},"_dragAndDrop":{"ariaRegion":"This is a basic drag and drop question component."},"_dragndrop":{"ariaRegion":"This component is a multiple choice question. Once you have selected an option select the submit button below"},"_flippableCard":{"ariaRegion":"Interactive Cards with two faces. Front Face contains an image the back-face additional content. Click the more mottun to view extra content.","ariaLabel":"Show more content"},"_stacklist":{"ariaRegion":"This stacklist component presents a list of items. Select the button to access each item in turn.","ariaButtonLabel":"Select this button to access the next item in the stacklist."},"_tabs":{"ariaRegion":"A tabbed content container. Content can be text, graphic or both."},"_textinputinline":{"ariaRegion":"This question requires you to input your answer in the textbox provided. When you have done so, select the submit button below."},"_game-frame":{"ariaRegion":""}},"_extensions":{"_close":{"closeButton":"Select here to close the window."},"_languagePicker":{"navigationBarLabel":"Select course language"},"_pageLevelProgress":{"pageLevelProgress":"Page sections","pageLevelProgressIndicatorBar":"Progress bar. Select here to view your current progress, and select an item to navigate to it. You have completed ","pageLevelProgressMenuBar":"You have completed ","pageLevelProgressEnd":"You have reached the end of the list of page sections.","optionalContent":"Optional Content"},"_resources":{"resourcesEnd":"You have reached the end of the list of resources."},"_trickle":{"incompleteContent":"There is incomplete content above. You must complete this before you can proceed through the course."}},"_menu":{"_boxmenu":{"ariaRegion":"Menu","durationLabel":"Duration:","menuItem":"Menu item.","menuEnd":"You have reached the end of the menu."}},"_learnerInfo":{"id":"student.name@example.org","name":"Name, Student","firstname":"Student","lastname":"Name"},"_accessibility":{"accessibilityToggleTextOn":"Turn accessibility on?","accessibilityToggleTextOff":"Turn accessibility off?","skipNavigationText":"Skip navigation","_accessibilityInstructions":{"touch":"Usage instructions. Use swipe left for next. Use swipe right for previous. Use a double tap to select. Use a two finger slide up to go to the top of the page.","notouch":"Usage instructions. Use tab for next. Use shift tab for previous. Use enter to select. Use escape to go to the top of the page.","ipad":"Usage instructions for touchscreens. Use swipe left for next. Use swipe right for previous. Use a double tap to select. Use a two finger slide up to go to the top of the page. Usage instructions for keyboard access. Use left for next. Use right for previous. Use up and down together to select."},"_ariaLabels":{"navigation":"Course navigation bar","skipNavigation":"Skip Navigation","menuLoaded":"Menu Loaded.","menu":"Menu","page":"Page","pageLoaded":"Page Loaded.","pageEnd":"You have reached the end of the page.","previous":"Back","navigationBack":"Navigate back","navigationDrawer":"Open course resources.","close":"Close","closeDrawer":"Close Drawer","closeResources":"Close resources","drawer":"Top of side drawer","closePopup":"Close popup","next":"Next","done":"Done","complete":"Completed","incomplete":"Incomplete","incorrect":"Incorrect","correct":"Correct","locked":"Locked","accessibilityToggleButton":"By selecting this button you can set whether accessibility is turned on or off","feedbackPopUp":"Popup opened.","menuBack":"Back to menu","visited":"Visited"}}},"_id":"course","_type":"course","title":"Biomarkers and their Emerging Role in Lung Cancer: Foundation Module","displayTitle":"<img src='course/en/images/logo.png'><hr>","description":"","body":"<span class='module-title'>Biomarkers and their Emerging Role in Lung Cancer<br> <b style='font-weight:600'>Foundation Module</b></span><br><br><span class='module-body-text'></span>","_buttons":{"_submit":{"buttonText":"Submit","ariaLabel":"Submit your answer by clicking here."},"_reset":{"buttonText":"Try Again","ariaLabel":"Reset the question by clicking here."},"_showCorrectAnswer":{"buttonText":"Show Correct Answer","ariaLabel":"Show the correct answer by clicking here."},"_hideCorrectAnswer":{"buttonText":"Show My Answer","ariaLabel":"Show the answer you gave by clicking here."},"_showFeedback":{"buttonText":"Show feedback","ariaLabel":"View the question feedback again by clicking here."},"remainingAttemptsText":"attempts remaining","remainingAttemptText":"final attempt","disabledAriaLabel":"This button is disabled at the moment."},"_latestTrackingId":154,"_pageLevelProgress":{"_isEnabled":true,"_showPageCompletion":false,"_altText":"of components completed on this page."},"_resources":{"_isEnabled":false,"title":"Resources","description":"View resources for this course by clicking here.","_filterButtons":{"all":"All","document":"Document","media":"Media","link":"Link"},"_filterAria":{"allAria":"View all resources","documentAria":"View document resources","mediaAria":"View media resources","linkAria":"View resource links"},"itemAriaExternal":"This content will open in a new window","_resourcesItems":[{"_type":"document","title":"Vanilla Theme Swatch","description":"See the swatch for the default vanilla by clicking here.","_link":"course/en/images/vanilla-swatch.jpg"},{"_type":"media","title":"Adapt Learning YouTube Channel","description":"Fancy catching up on some Adapt material? Click here.","_link":"https://www.youtube.com/channel/UCW8SlSFuCc--B66Gf9fAEcQ"},{"_type":"link","title":"Community Site","description":"View our community site by clicking here.","_link":"https://community.adaptlearning.org"}]},"_assessment":{"_postTotalScoreToLms":true,"_isPercentageBased":true,"_scoreToPass":0},"_bookmarking":{"_isEnabled":true,"_level":"component","title":"Bookmarking","body":"Would you like to continue where you left off?","_buttons":{"yes":"Yes","no":"No"}},"_trickle":{"_isEnabled":true},"_devtools":{"_isEnabled":true,"_theme":"theme-dark"},"_tooltip":{"_isEnabled":true},"_drawerPageNavigation":{"_isEnabled":true,"title":"Navigation","description":"Click here to navigate this course"},"_close":{"_isEnabled":true,"_button":{"_isEnabled":true,"_closeViaLMSFinish":false,"_notifyPromptIfIncomplete":{"_isEnabled":false,"title":"Confirm close","body":"Are you sure you want to close the window?","confirm":"Close window","cancel":"Cancel"},"_notifyPromptIfComplete":{"_isEnabled":false,"title":"Confirm close","body":"Are you sure you want to close the window?","confirm":"Close window","cancel":"Cancel"}},"browserPromptIfIncomplete":"","browserPromptIfComplete":""},"_lockType":"sequential"}